[
    {
        "rgb": [
            47,
            55,
            55
        ],
        "hex": "#2f3737",
        "percentage": 34.26
    },
    {
        "rgb": [
            79,
            99,
            111
        ],
        "hex": "#4f636f",
        "percentage": 19.1
    },
    {
        "rgb": [
            211,
            194,
            168
        ],
        "hex": "#d3c2a8",
        "percentage": 16.3
    },
    {
        "rgb": [
            248,
            246,
            238
        ],
        "hex": "#f8f6ee",
        "percentage": 15.83
    },
    {
        "rgb": [
            160,
            151,
            133
        ],
        "hex": "#a09785",
        "percentage": 14.5
    }
]