[
    {
        "rgb": [
            14,
            14,
            14
        ],
        "hex": "#0e0e0e",
        "percentage": 31.57
    },
    {
        "rgb": [
            43,
            44,
            45
        ],
        "hex": "#2b2c2d",
        "percentage": 27.38
    },
    {
        "rgb": [
            218,
            219,
            220
        ],
        "hex": "#dadbdc",
        "percentage": 15.71
    },
    {
        "rgb": [
            134,
            144,
            157
        ],
        "hex": "#86909d",
        "percentage": 13.06
    },
    {
        "rgb": [
            90,
            94,
            100
        ],
        "hex": "#5a5e64",
        "percentage": 12.28
    }
]