[
    {
        "rgb": [
            34,
            16,
            27
        ],
        "hex": "#22101b",
        "percentage": 28.65
    },
    {
        "rgb": [
            53,
            81,
            97
        ],
        "hex": "#355161",
        "percentage": 21.94
    },
    {
        "rgb": [
            78,
            130,
            132
        ],
        "hex": "#4e8284",
        "percentage": 20.74
    },
    {
        "rgb": [
            41,
            41,
            62
        ],
        "hex": "#29293e",
        "percentage": 20.19
    },
    {
        "rgb": [
            90,
            167,
            194
        ],
        "hex": "#5aa7c2",
        "percentage": 8.48
    }
]